station,task,metric,jmt_predicted,measured,error_pct
Tier1,task1,throughput,3.9006604292790312,3.4611244467222364,11.268245224771729
Tier1,task1,response_time,0.14091710758377426,0.1387388049536577,1.5458042444006148
Tier1,task1,utilization,0.39006604292790314,0.42454425109309607,8.839069380762687
Tier2,task2,throughput,3.9006604292790312,4.587179487179488,17.60007235562793
Tier2,task2,response_time,0.14091710758377426,0.16627416583790472,17.994307922518104
Tier2,task2,utilization,0.39006604292790314,0.3924727686770576,0.6170046823581872
