station,task,metric,jmt_predicted,measured,error_pct
Tier1,task1,throughput,6.821182046893324,6.855563951164618,0.5040461321062841
Tier1,task1,response_time,0.23301078399999997,0.2682238350929132,15.11219802295212
Tier1,task1,utilization,0.6821182046893325,0.6908117202703189,1.2744881343470127
Tier2,task2,throughput,6.821182046893324,7.790365185185185,14.208433840777946
Tier2,task2,response_time,0.23301078399999997,0.3737717243126824,60.40962478057773
Tier2,task2,utilization,0.6821182046893325,0.6857837463708485,0.537376316350545
