station,task,metric,jmt_predicted,measured,error_pct
Tier1,task1,throughput,3.9006604292790312,3.926666666666667,0.6667136978248261
Tier1,task1,response_time,0.14091710758377426,0.13612443452571693,3.401058352839184
Tier1,task1,utilization,0.39006604292790314,0.3753703123117953,3.767498064122464
Tier2,task2,throughput,3.9006604292790312,3.9794287698412703,2.019359080092957
Tier2,task2,response_time,0.14091710758377426,0.1396404741528933,0.9059463771082721
Tier2,task2,utilization,0.39006604292790314,0.36712369414088475,5.881657530301577
