station,task,metric,jmt_predicted,measured,error_pct
Tier1,task1,throughput,0.8333333333333333,0.7481421620473023,10.222940554323714
Tier1,task1,response_time,0.1,0.09405392931093229,5.946070689067717
Tier1,task1,utilization,0.08333333333333333,0.07475340589367512,10.295912927589857
Tier2,task2,throughput,0.8333333333333333,0.7345170216049381,11.857957407407413
Tier2,task2,response_time,0.1,0.08925264976271859,10.74735023728142
Tier2,task2,utilization,0.08333333333333333,0.06304313954337062,24.348232547955245
