users,Users_measured,Client RPS_measured,Client Response Time_measured,Client Failure Rate_measured,task1_throughput_measured,task1_response_time_measured,task1_utilization_measured,Tier1 Replicas_measured,task2_throughput_measured,task2_response_time_measured,task2_utilization_measured,Tier2 Replicas_measured,task1_throughput_jmt,task1_throughput_error_pct,task1_response_time_jmt,task1_response_time_error_pct,task1_utilization_jmt,task1_utilization_error_pct,task2_throughput_jmt,task2_throughput_error_pct,task2_response_time_jmt,task2_response_time_error_pct,task2_utilization_jmt,task2_utilization_error_pct
1,1.0,0.8339,104.1515,0.0,0.8592,0.1088,0.0856,1.0,0.8607,0.1083,0.0864,1.0,0.8333333333333333,3.0980296296296355,0.1,8.820097157885106,0.0833333333333333,2.7203332280332173,0.8333333333333333,3.278485185185201,0.1,8.328531022727557,0.0833333333333333,3.6903820846722617
5,5.0,4.2983,131.8628,0.0,3.9267,0.1361,0.3754,1.0,3.9794,0.1396,0.3671,1.0,3.9006604292790312,0.6667136978248261,0.1409171075837742,3.401058352839184,0.3900660429279031,3.767498064122464,3.9006604292790312,2.019359080092957,0.1409171075837742,0.905946377108272,0.3900660429279031,5.881657530301577
10,10.0,7.7067,231.9196,0.0,7.2889,0.2466,0.6947,1.0,7.5952,0.2913,0.691,1.0,6.821182046893324,6.856683178666671,0.2330107839999999,5.816495994030019,0.6821182046893325,1.8511987925647984,6.821182046893324,11.347213359581373,0.2330107839999999,25.0157721826858,0.6821182046893325,1.3017509908441476
