station,task,metric,jmt_predicted,measured,error_pct
Tier1,task1,throughput,0.8333333333333333,0.0,0.0
Tier1,task1,response_time,0.1,0.0,0.0
Tier1,task1,utilization,0.08333333333333333,0.0008425829130131656,98.9889005043842
Tier2,task2,throughput,0.8333333333333333,0.0,0.0
Tier2,task2,response_time,0.1,0.0,0.0
Tier2,task2,utilization,0.08333333333333333,0.012372735933181979,85.15271688018161
