station,task,metric,jmt_predicted,measured,error_pct
Tier1,task1,throughput,6.821182046893324,7.15835605971299,4.943043749627379
Tier1,task1,response_time,0.23301078399999997,0.24294655090971562,4.264080288110463
Tier1,task1,utilization,0.6821182046893325,0.7054542885470582,3.421120224808248
Tier2,task2,throughput,6.821182046893324,7.733864922884223,13.380127809469267
Tier2,task2,response_time,0.23301078399999997,0.35808820910307754,53.678813896904266
Tier2,task2,utilization,0.6821182046893325,0.7034929203405355,3.1335794154530716
