station,task,metric,jmt_predicted,measured,error_pct
Tier1,task1,throughput,0.8333333333333333,0.8591502469135802,3.0980296296296355
Tier1,task1,response_time,0.1,0.10882009715788511,8.820097157885106
Tier1,task1,utilization,0.08333333333333333,0.08560027769002768,2.7203332280332173
Tier2,task2,throughput,0.8333333333333333,0.8606540432098766,3.278485185185201
Tier2,task2,response_time,0.1,0.10832853102272756,8.328531022727557
Tier2,task2,utilization,0.08333333333333333,0.08640865173722688,3.6903820846722613
