users,Users_measured,Client RPS_measured,Client Response Time_measured,Client Failure Rate_measured,task1_throughput_measured,task1_response_time_measured,task1_utilization_measured,Tier1 Replicas_measured,task2_throughput_measured,task2_response_time_measured,task2_utilization_measured,Tier2 Replicas_measured,task1_throughput_jmt,task1_throughput_error_pct,task1_response_time_jmt,task1_response_time_error_pct,task1_utilization_jmt,task1_utilization_error_pct,task2_throughput_jmt,task2_throughput_error_pct,task2_response_time_jmt,task2_response_time_error_pct,task2_utilization_jmt,task2_utilization_error_pct
1,1.0,0.9398,94.0443,0.0,0.8656,0.0895,0.0795,1.0,0.9313,0.1032,0.082,1.0,0.8333333333333333,3.866166726740188,0.1,10.538702584155166,0.0833333333333333,4.614615897521402,0.8333333333333333,11.755102040816348,0.1,3.244652038829232,0.0833333333333333,1.5406386695766383
5,5.0,4.2565,137.1887,0.0,3.4611,0.1387,0.4245,1.0,4.5872,0.1663,0.3925,1.0,3.9006604292790312,11.268245224771729,0.1409171075837742,1.5458042444006148,0.3900660429279031,8.839069380762687,3.9006604292790312,17.60007235562793,0.1409171075837742,17.994307922518104,0.3900660429279031,0.6170046823581872
10,10.0,7.771,254.3461,0.0,7.1584,0.2429,0.7055,1.0,7.7339,0.3581,0.7035,1.0,6.821182046893324,4.943043749627379,0.2330107839999999,4.264080288110463,0.6821182046893325,3.421120224808248,6.821182046893324,13.380127809469268,0.2330107839999999,53.678813896904266,0.6821182046893325,3.1335794154530716
