station,task,metric,jmt_predicted,measured,error_pct
Tier1,task1,throughput,3.9006604292790312,3.9694410203611077,1.7633062997690714
Tier1,task1,response_time,0.14091710758377426,0.12818070328826878,9.03822432484557
Tier1,task1,utilization,0.39006604292790314,0.36633234306680723,6.084533706894007
Tier2,task2,throughput,3.9006604292790312,4.641246378600823,18.986168182260265
Tier2,task2,response_time,0.14091710758377426,0.14268518887221565,1.254695983161785
Tier2,task2,utilization,0.39006604292790314,0.3478344029392907,10.8267922200083
