station,task,metric,jmt_predicted,measured,error_pct
Tier1,task1,throughput,0.8333333333333333,0.8655513893895015,3.8661667267401882
Tier1,task1,response_time,0.1,0.08946129741584484,10.538702584155166
Tier1,task1,utilization,0.08333333333333333,0.07948782008539883,4.614615897521402
Tier2,task2,throughput,0.8333333333333333,0.9312925170068028,11.755102040816348
Tier2,task2,response_time,0.1,0.10324465203882924,3.244652038829232
Tier2,task2,utilization,0.08333333333333333,0.0820494677753528,1.5406386695766383
