station,task,metric,jmt_predicted,measured,error_pct
Tier1,task1,throughput,6.821182046893324,7.28888888888889,6.856683178666671
Tier1,task1,response_time,0.23301078399999997,0.2465638469170179,5.816495994030019
Tier1,task1,utilization,0.6821182046893325,0.6947455686584061,1.8511987925647984
Tier2,task2,throughput,6.821182046893324,7.5951961273997695,11.347213359581371
Tier2,task2,response_time,0.23301078399999997,0.29130023088653006,25.0157721826858
Tier2,task2,utilization,0.6821182046893325,0.6909976851776042,1.3017509908441476
